area_m2,bedrooms,distance_to_city_km,age_years,price_eur
149.5,4,9.3,39.5,591804
104.2,2,13.1,25.1,378530
160.9,3,9.2,46.5,720057
139.1,3,6.5,40.3,633609
57.7,1,5.9,20.0,230703
176.7,5,6.7,53.9,754043
147.8,4,10.0,45.8,573690
151.1,4,13.1,16.2,597729
62.3,2,7.1,21.9,301566
105.8,2,4.1,18.9,518381
95.1,2,3.9,9.5,447254
170.1,3,11.3,8.9,741150
131.9,3,12.3,56.2,430282
156.1,3,2.0,26.3,707581
104.9,3,1.5,23.0,638849
75.7,2,9.1,43.8,308441
119.9,2,2.6,33.2,605296
53.6,1,12.5,56.2,157107
156.7,4,5.0,46.8,698029
130.3,3,2.6,28.8,598406
147.3,4,13.9,22.6,573519
92.9,4,2.9,59.2,399206
176.0,4,4.6,43.1,772683
165.6,3,2.7,57.1,661456
150.1,2,2.2,7.1,721073
71.3,2,0.8,51.0,400786
108.0,2,1.3,38.2,518672
50.9,1,3.0,7.3,278005
65.8,1,1.3,35.3,351121
137.2,3,9.1,41.2,536935
145.5,4,10.4,0.7,675758
175.6,4,6.2,27.3,673236
89.0,2,5.1,49.5,365064
95.0,1,7.8,17.7,310945
108.4,1,13.2,27.5,321307
70.6,1,12.8,26.5,310733
62.5,1,1.1,18.1,380456
109.2,3,3.1,55.1,451781
75.6,2,3.9,46.9,276177
135.4,4,4.1,6.6,514145
104.0,2,8.8,59.8,365578
157.4,3,6.5,52.8,746690
139.5,3,1.2,17.0,682830
87.2,2,5.9,50.2,339591
157.4,5,8.1,6.4,729319
153.6,3,2.0,59.9,587910
97.3,3,12.6,39.9,353909
83.9,1,1.3,39.0,399672
137.1,4,13.9,5.4,558587
63.9,2,1.9,53.8,345290
72.0,2,12.7,1.7,316022
46.0,1,13.6,14.4,193421
151.2,3,14.7,8.6,558732
134.8,3,12.1,46.6,546314
140.2,3,11.8,11.9,644658
150.4,3,9.8,54.6,534039
107.0,2,11.8,39.4,357169
121.8,3,2.5,2.2,661986
63.9,2,8.3,0.3,305121
60.5,1,8.0,3.1,348622
135.2,3,12.9,36.4,492469
108.6,3,7.2,48.1,516942
121.3,3,6.1,14.3,556911
148.3,3,9.8,51.0,586057
130.7,3,4.4,3.4,686447
119.7,3,2.5,48.1,522034
120.5,3,7.4,55.7,443144
86.0,3,6.5,46.3,353973
49.2,1,3.9,41.9,255113
104.0,2,5.8,50.3,358868
74.0,1,5.8,2.4,386657
100.2,3,5.2,12.1,456940
160.2,5,6.0,7.5,789432
76.6,2,10.4,30.3,197732
52.9,1,4.8,44.7,201216
83.0,3,14.3,37.8,223643
84.6,1,13.8,51.1,227175
134.4,2,7.5,9.3,589537
120.2,3,5.3,44.1,510818
150.8,3,8.3,11.6,634333
134.7,3,12.8,16.2,528496
99.9,2,10.0,42.6,392872
154.9,4,12.2,58.8,537079
67.5,2,8.2,36.7,316302
48.1,1,9.7,3.3,251613
57.2,2,4.7,37.0,295704
142.5,2,11.2,2.5,607584
107.4,2,3.4,53.0,474992
66.8,1,10.6,42.6,328763
112.6,2,13.0,10.4,438337
65.6,1,2.4,5.5,340766
139.0,3,9.4,11.0,556708
105.2,3,1.9,58.8,430015
96.4,1,11.0,27.5,307729
85.7,2,1.7,47.0,362837
130.1,3,14.1,38.2,476657
93.8,2,2.5,34.3,456761
56.8,2,14.4,8.7,220981
60.9,2,12.1,56.8,163902
174.9,5,9.1,18.1,791735
167.7,4,11.8,34.7,696202
139.5,3,12.0,42.0,523105
80.9,2,14.2,39.0,246200
175.8,4,4.2,56.4,765490
150.1,3,9.1,8.9,647237
141.8,3,1.9,30.5,584155
105.7,2,9.4,24.2,429746
81.8,2,3.0,28.5,409966
58.0,3,8.7,7.2,253807
166.9,5,8.8,8.0,744321
106.5,2,7.3,16.7,400385
72.3,1,8.1,18.3,371260
86.3,1,11.6,25.7,378324
123.2,2,12.1,36.7,447939
68.9,2,7.6,38.1,309802
160.6,4,9.2,24.7,565002
147.4,3,14.0,24.5,510625
142.1,3,2.2,13.1,654952
103.3,1,2.2,35.3,416179
129.7,3,1.8,19.0,650298
